platform,post_id,title,score,comments,url
Reddit,1o2ewhw,New Job Listings,6,10,https://www.reddit.com/r/marketing/comments/1o2ewhw/new_job_listings/
Reddit,1mb96gb,Please use the Report link to report posts and comments which don't belong in r/Marketing,29,14,https://www.reddit.com/r/marketing/comments/1mb96gb/please_use_the_report_link_to_report_posts_and/
Reddit,1oixwdf,Am i right or Am i right?,3,7,https://www.reddit.com/r/marketing/comments/1oixwdf/am_i_right_or_am_i_right/
Reddit,1oit72r,Reddit ads for accounting firm,3,13,https://www.reddit.com/r/marketing/comments/1oit72r/reddit_ads_for_accounting_firm/
Reddit,1oil6qz,"Did you know that you can download your LinkedIn contact list with full names, emails (if publicly available), job titles, and companies into a neat spreadsheet?",8,6,https://www.reddit.com/r/marketing/comments/1oil6qz/did_you_know_that_you_can_download_your_linkedin/
Reddit,1oi1e5b,"Is it just me, or does marketing in 2025 feel more about optimization than inspiration??",88,55,https://www.reddit.com/r/marketing/comments/1oi1e5b/is_it_just_me_or_does_marketing_in_2025_feel_more/
Reddit,1oi3maj,Do they hire from abroad for marketing roles?,13,52,https://www.reddit.com/r/marketing/comments/1oi3maj/do_they_hire_from_abroad_for_marketing_roles/
Reddit,1oikabk,Are clients getting tired of vanity metrics or are followers and engagement still more important than sales (for organic social)?,1,5,https://www.reddit.com/r/marketing/comments/1oikabk/are_clients_getting_tired_of_vanity_metrics_or/
Reddit,1oi8o7d,Lululemon and NFL Collaboration,0,8,https://www.reddit.com/r/marketing/comments/1oi8o7d/lululemon_and_nfl_collaboration/
Reddit,1oi8k9w,How to find travel brands looking for more exposure/ads?,1,5,https://www.reddit.com/r/marketing/comments/1oi8k9w/how_to_find_travel_brands_looking_for_more/
Reddit,1oi870g,do small creators have a chance in todayâ€™s brand campaigns,0,17,https://www.reddit.com/r/marketing/comments/1oi870g/do_small_creators_have_a_chance_in_todays_brand/
Reddit,1oh7heh,ChatGPT ads are about to drop,119,53,https://www.reddit.com/r/marketing/comments/1oh7heh/chatgpt_ads_are_about_to_drop/
Reddit,1oi06l0,Iâ€™m determined to make money with my blog and Iâ€™d love to hear your thoughts on it.,3,23,https://www.reddit.com/r/marketing/comments/1oi06l0/im_determined_to_make_money_with_my_blog_and_id/
Reddit,1oi3mab,Does Meta penalize you for not using Advantage+?,0,8,https://www.reddit.com/r/marketing/comments/1oi3mab/does_meta_penalize_you_for_not_using_advantage/
Reddit,1oi1f0p,Collaboration marketing with clubs : have you tried it yet? Please share experiences?,1,5,https://www.reddit.com/r/marketing/comments/1oi1f0p/collaboration_marketing_with_clubs_have_you_tried/
Reddit,1ohnjg5,Researching Competitor Ads on Reddit - Where?,3,8,https://www.reddit.com/r/marketing/comments/1ohnjg5/researching_competitor_ads_on_reddit_where/
Reddit,1ohx7yx,Nextdoor for Trim Carpentry Business,1,5,https://www.reddit.com/r/marketing/comments/1ohx7yx/nextdoor_for_trim_carpentry_business/
Reddit,1oi54zg,Copyright ban Facebook,0,15,https://www.reddit.com/r/marketing/comments/1oi54zg/copyright_ban_facebook/
Reddit,1ohlmp6,Technical Difficulties: How Social Media Is Impacting the Landscape of Misinformation About Reproductive Health,2,2,https://www.reddit.com/r/marketing/comments/1ohlmp6/technical_difficulties_how_social_media_is/
Reddit,1ogowah,Do you read cold emails?,43,157,https://www.reddit.com/r/marketing/comments/1ogowah/do_you_read_cold_emails/
Reddit,1ohh295,"are you guys using AI images for meta ads? if so, how are they performing?",0,9,https://www.reddit.com/r/marketing/comments/1ohh295/are_you_guys_using_ai_images_for_meta_ads_if_so/
Reddit,1ogs933,why does linkedin agency owners post their content on their own account rather than thier agencyâ€™s account?,7,31,https://www.reddit.com/r/marketing/comments/1ogs933/why_does_linkedin_agency_owners_post_their/
Reddit,1ogsvmh,Where to find good quality company swag - Canada,4,10,https://www.reddit.com/r/marketing/comments/1ogsvmh/where_to_find_good_quality_company_swag_canada/
Reddit,1ogrl0c,What growth hacks would you choose for an e-learning product?,4,20,https://www.reddit.com/r/marketing/comments/1ogrl0c/what_growth_hacks_would_you_choose_for_an/
Reddit,1ogsf8m,why donâ€™t Redbull show a clip of their athletes drinking their product before the play?,0,27,https://www.reddit.com/r/marketing/comments/1ogsf8m/why_dont_redbull_show_a_clip_of_their_athletes/
Reddit,1ofmhss,What has been your experience with ads on X (formerly Twitter),17,42,https://www.reddit.com/r/marketing/comments/1ofmhss/what_has_been_your_experience_with_ads_on_x/
Reddit,1oevjay,"Freelancers, do you also add a little easter eggs in your website? Well this is going to be mine.",58,57,https://www.reddit.com/r/marketing/comments/1oevjay/freelancers_do_you_also_add_a_little_easter_eggs/
Reddit,1of7u9p,Paid Marketing Interview Prep Communities,3,1,https://www.reddit.com/r/marketing/comments/1of7u9p/paid_marketing_interview_prep_communities/
Reddit,1oerh0k,"New Head Of Marketing is not supporting my team, and it's really concerning",19,23,https://www.reddit.com/r/marketing/comments/1oerh0k/new_head_of_marketing_is_not_supporting_my_team/
Reddit,1of7q3m,Is my manager gaslighting me?,1,13,https://www.reddit.com/r/marketing/comments/1of7q3m/is_my_manager_gaslighting_me/
Reddit,1of47oy,HR / Payroll Tradeshow items?,1,8,https://www.reddit.com/r/marketing/comments/1of47oy/hr_payroll_tradeshow_items/
Reddit,1oespdq,Fair use / Fair dealing / copyright,3,5,https://www.reddit.com/r/marketing/comments/1oespdq/fair_use_fair_dealing_copyright/
Reddit,1oehppb,Pre-AI Reddit,19,22,https://www.reddit.com/r/marketing/comments/1oehppb/preai_reddit/
Reddit,1oeokby,What is the difference between target customer and target market?,6,13,https://www.reddit.com/r/marketing/comments/1oeokby/what_is_the_difference_between_target_customer/
Reddit,1oe413b,Booth ideas for 2026?,53,41,https://www.reddit.com/r/marketing/comments/1oe413b/booth_ideas_for_2026/
Reddit,1oemul0,I have a Half Marathon in May,3,10,https://www.reddit.com/r/marketing/comments/1oemul0/i_have_a_half_marathon_in_may/
Reddit,1oese4s,"Advice needed: Alternative KPI for a ""no tracking"" setup",1,6,https://www.reddit.com/r/marketing/comments/1oese4s/advice_needed_alternative_kpi_for_a_no_tracking/
Reddit,1oeujot,TikTok comment bots,0,2,https://www.reddit.com/r/marketing/comments/1oeujot/tiktok_comment_bots/
Reddit,1of25oi,Built my first 4k karma in a week now turning it into freelance opportunities ðŸ‘€,0,20,https://www.reddit.com/r/marketing/comments/1of25oi/built_my_first_4k_karma_in_a_week_now_turning_it/
Reddit,1oeh1cc,Creative experiencing burnout,2,4,https://www.reddit.com/r/marketing/comments/1oeh1cc/creative_experiencing_burnout/
Reddit,1oe3tzy,"Seeking Reliable SMM Panels with Genuine Taiwan Support (FB, IG, Threads)",8,6,https://www.reddit.com/r/marketing/comments/1oe3tzy/seeking_reliable_smm_panels_with_genuine_taiwan/
Reddit,1oe26dg,Upskilling,8,15,https://www.reddit.com/r/marketing/comments/1oe26dg/upskilling/
Reddit,1odzu0x,How important is it to have the biggest?   (stand on a trade fair),10,28,https://www.reddit.com/r/marketing/comments/1odzu0x/how_important_is_it_to_have_the_biggest_stand_on/
Reddit,1odi0w1,Why would anyone in their right mind work at a media agency,129,92,https://www.reddit.com/r/marketing/comments/1odi0w1/why_would_anyone_in_their_right_mind_work_at_a/
Reddit,1oefdlc,I feel confused on what data I should be tracking,1,1,https://www.reddit.com/r/marketing/comments/1oefdlc/i_feel_confused_on_what_data_i_should_be_tracking/
Reddit,1oe1sio,How you guyz are tracking ai visibility?,3,17,https://www.reddit.com/r/marketing/comments/1oe1sio/how_you_guyz_are_tracking_ai_visibility/
Reddit,1odrlx6,Out-of-the-box Marketing Ideas for the Education Industry,12,32,https://www.reddit.com/r/marketing/comments/1odrlx6/outofthebox_marketing_ideas_for_the_education/
Reddit,1ody1zv,Comparison of Documentation Requirements Across Advertising Platforms,2,2,https://www.reddit.com/r/marketing/comments/1ody1zv/comparison_of_documentation_requirements_across/
Reddit,1odyix8,Why do some ads go viral while others just fall flat?,0,13,https://www.reddit.com/r/marketing/comments/1odyix8/why_do_some_ads_go_viral_while_others_just_fall/
Reddit,1odmn0l,Should I take a new job offer?,2,3,https://www.reddit.com/r/marketing/comments/1odmn0l/should_i_take_a_new_job_offer/
